title,preview
Join NASA for the Launch of the Mars 2020 Perseverance Rover,"No matter where you live, choose from a menu of activities to join NASA as we ""Countdown to Mars"" and launch the Perseverance rover to the Red Planet."
"All About the Laser (and Microphone) Atop Mars 2020, NASA's Next Rover",SuperCam is a rock-vaporizing instrument that will help scientists hunt for Mars fossils.
A New Video Captures the Science of NASA's Perseverance Mars Rover,"With a targeted launch date of July 30, the next robotic scientist NASA is sending to the to the Red Planet has big ambitions."
"NASA's Perseverance Rover Goes Through Trials by Fire, Ice, Light and Sound","The agency's new Mars rover is put through a series of tests in vacuum chambers, acoustic chambers and more to get ready for the Red Planet."
NASA's Mars 2020 Rover Closer to Getting Its Name,"155 students from across the U.S. have been chosen as semifinalists in NASA's essay contest to name the Mars 2020 rover, and see it launch from Cape Canaveral this July."
NASA Moves Forward With Campaign to Return Mars Samples to Earth,"During this next phase, the program will mature critical technologies and make critical design decisions as well as assess industry partnerships."
Media Get a Close-Up of NASA's Mars 2020 Rover,The clean room at NASA's Jet Propulsion Laboratory was open to the media to see NASA's next Mars explorer before it leaves for Florida in preparation for a summertime launch.
6 Things to Know About NASA's Ingenuity Mars Helicopter,The first helicopter attempting to fly on another planet is a marvel of engineering. Get up to speed with these key facts about its plans.
Mars 2020 Stands on Its Own Six Wheels,"In time-lapse video, taken at JPL, captures the first time NASA's Mars 2020 rover carries its full weight on its legs and wheels."
The Man Who Wanted to Fly on Mars,"The Mars Helicopter is riding to the Red Planet this summer with NASA's Perseverance rover. The helicopter's chief engineer, Bob Balaram, shares the saga of how it came into being."
Two of a Space Kind: Apollo 12 and Mars 2020,"Apollo 12 and the upcoming Mars 2020 mission may be separated by half a century, but they share several goals unique in the annals of space exploration."
Scientists Explore Outback as Testbed for Mars ,Australia provides a great place for NASA's Mars 2020 and the ESA-Roscosmos ExoMars scientists to hone techniques in preparation for searching for signs ancient life on Mars.
Three New Views of Mars' Moon Phobos,"Taken with the infrared camera aboard NASA's Odyssey orbiter, they reveal temperature variations on the small moon as it drifts into and out of Marsâ€™ shadow."
NASA's Push to Save the Mars InSight Lander's Heat Probe,The scoop on the end of the spacecraft's robotic arm will be used to 'pin' the mole against the wall of its hole.
Deadline Closing for Names to Fly on NASA's Next Mars Rover,You have until Sept. 30 to send your names to Mars aboard the Mars 2020 rover. 
